RXNORM code	 RXNORM uri	 RXNORM label	 SNOMED code	 SNOMED uri	 SNOMED label
1049504	-	Abuse-Deterrent 12 HR Oxycodone Hydrochloride 10 MG Extended Release Oral Tablet [Oxycontin]	765706002	http://snomed.info/id/387458008	Oxycodone hydrochloride 10 mg prolonged-release oral tablet
245134	-	Aspirin	769510009	http://snomed.info/id/387458008	Fentanyl 25 microgram/hour prolonged-release transdermal patch
1191	-	Aspirin	387458008	http://snomed.info/id/387458008	Aspirin
29046	-	Lisinopril	386873009	http://snomed.info/id/386873009	Lisinopril
238100	-	lorazepam 2 MG/ML Injectable Solution	1193826002	http://snomed.info/id/1193826002	Lorazepam 2 mg/mL solution for injection
1870230	-	NDA020800 0.3 ML Epinephrine 1 MG/ML Auto-Injector	781862008	http://snomed.info/id/781862008	Epinephrine 1 mg/mL solution for injection
1599803	-	24 HR Donepezil hydrochloride 10 MG / Memantine hydrochloride 28 MG Extended Release Oral Capsule	1172743009	http://snomed.info/id/1172743009	Donepezil (as donepezil hydrochloride) 5 mg and memantine (as memantine hydrochloride) 10 mg oral tablet
1431987	-	24 HR tacrolimus 5 MG Extended Release Oral Capsule	116332400	http://snomed.info/id/116332400	
206905	http://purl.bioontology.org/ontology/RXNORM/206905	ibuprofen 400 MG Oral Tablet [Ibu]	329653008	http://snomed.info/id/329653008	Ibuprofen 400 mg oral tablet
1648755	http://purl.bioontology.org/ontology/RXNORM/1648755	nitrofurantoin, macrocrystals 25 MG / nitrofurantoin, monohydrate 75 MG Oral Capsule	377545002	http://purl.bioontology.org/ontology/SNOMEDCT/377545002	Nitrofurantoin macrocrystal 25 mg and nitrofurantoin monohydrate 75 mg oral capsule
562251	http://purl.bioontology.org/ontology/RXNORM/562251	amoxicillin 250 MG / clavulanate 125 MG Oral Tablet	323563001	http://purl.bioontology.org/ontology/SNOMEDCT/323563001	Amoxicillin 250 mg and clavulanic acid (as clavulanate potassium) 125 mg oral tablet
849574	http://purl.bioontology.org/ontology/RXNORM/849574	naproxen sodium 220 MG Oral Tablet	420276008	http://snomed.info/id/420276008	Naproxen sodium 220 mg oral capsule
313782	http://purl.bioontology.org/ontology/RXNORM/313782	acetaminophen 325 MG Oral Tablet	370150001	http://purl.bioontology.org/ontology/SNOMEDCT/370150001	Acetaminophen 325 mg oral tablet
308136	http://purl.bioontology.org/ontology/RXNORM/308136	amlodipine 2.5 MG Oral Tablet	1153431000	http://purl.bioontology.org/ontology/SNOMEDCT/1153431000	Amlodipine (as amlodipine besylate) 2.5 mg oral tablet
310965	http://purl.bioontology.org/ontology/RXNORM/310965	ibuprofen 200 MG Oral Tablet	1162422005	http://purl.bioontology.org/ontology/SNOMEDCT/1162422005	Ibuprofen (as ibuprofen sodium) 200 mg oral tablet
309309	http://purl.bioontology.org/ontology/RXNORM/309309	ciprofloxacin 500 MG Oral Tablet	783330006	http://purl.bioontology.org/ontology/SNOMEDCT/783330006	Ciprofloxacin (as ciprofloxacin hydrochloride) 500 mg oral tablet
314231	http://purl.bioontology.org/ontology/RXNORM/314231	simvastatin 10 MG Oral Tablet	319996000	http://purl.bioontology.org/ontology/SNOMEDCT/319996000	Simvastatin 10 mg oral tablet
310798	http://purl.bioontology.org/ontology/RXNORM/310798	hydrochlorothiazide 25 MG Oral Tablet	376209006	http://purl.bioontology.org/ontology/SNOMEDCT/376209006	Hydrochlorothiazide 25 mg oral tablet
314076	http://purl.bioontology.org/ontology/RXNORM/314076	lisinopril 10 MG Oral Tablet	318859000	http://purl.bioontology.org/ontology/SNOMEDCT/318859000	Lisinopril 10 mg oral tablet
630208	http://purl.bioontology.org/ontology/RXNORM/630208	albuterol 0.83 MG/ML Inhalation Solution	376561007	http://purl.bioontology.org/ontology/SNOMEDCT/376561007	Albuterol (as albuterol sulfate) 830 microgram/mL solution for inhalation
198335	http://purl.bioontology.org/ontology/RXNORM/198335	sulfamethoxazole 800 MG / trimethoprim 160 MG Oral Tablet	324359004	http://purl.bioontology.org/ontology/SNOMEDCT/324359004	Sulfamethoxazole 800 mg and trimethoprim 160 mg oral tablet
856987	http://purl.bioontology.org/ontology/RXNORM/856987	acetaminophen 300 MG / hydrocodone bitartrate 5 MG Oral Tablet	420397007	http://purl.bioontology.org/ontology/SNOMEDCT/420397007	Acetaminophen 300 mg and hydrocodone bitartrate 5 mg oral tablet
310325	http://purl.bioontology.org/ontology/RXNORM/310325	ferrous sulfate 325 MG Oral Tablet	895498001	http://snomed.info/id/895498001	Ferrous sulfate 325 mg prolonged-release oral tablet
834102	http://purl.bioontology.org/ontology/RXNORM/834102	penicillin V potassium 500 MG Oral Tablet	1231308002	http://purl.bioontology.org/ontology/SNOMEDCT/1231308002	Penicillin V (as penicillin V potassium) 500 mg oral tablet
308182	http://purl.bioontology.org/ontology/RXNORM/308182	amoxicillin 250 MG Oral Capsule	323509004	http://purl.bioontology.org/ontology/SNOMEDCT/323509004	Amoxicillin 250 mg oral capsule
309362	http://purl.bioontology.org/ontology/RXNORM/309362	clopidogrel 75 MG Oral Tablet	783586007	http://purl.bioontology.org/ontology/SNOMEDCT/783586007	Clopidogrel (as clopidogrel bisulfate) 75 mg oral tablet
312961	http://purl.bioontology.org/ontology/RXNORM/312961	simvastatin 20 MG Oral Tablet	319997009	http://purl.bioontology.org/ontology/SNOMEDCT/319997009	Simvastatin 20 mg oral tablet
866412	http://purl.bioontology.org/ontology/RXNORM/866412	24 HR metoprolol succinate 100 MG Extended Release Oral Tablet	879980009	http://purl.bioontology.org/ontology/SNOMEDCT/879980009	Metoprolol tartrate (as metoprolol succinate) 100 mg prolonged-release oral tablet
705129	http://purl.bioontology.org/ontology/RXNORM/705129	nitroglycerin 0.4 MG/ACTUAT Mucosal Spray	425176000	http://purl.bioontology.org/ontology/SNOMEDCT/425176000	Nitroglycerin 400 microgram/actuation sublingual spray
1665060	http://purl.bioontology.org/ontology/RXNORM/1665060	cefazolin 2000 MG Injection	1287106002	http://purl.bioontology.org/ontology/SNOMEDCT/1287106002	Cefazolin (as cefazolin sodium) 2 g powder for solution for infusion and/or injection vial
1740467	http://purl.bioontology.org/ontology/RXNORM/1740467	2 ML ondansetron 2 MG/ML Injection	782032003	http://snomed.info/id/782032003	Ondansetron (as ondansetron hydrochloride) 2 mg/mL solution for injection
1234995	http://purl.bioontology.org/ontology/RXNORM/1234995	rocuronium bromide 10 MG/ML Injectable Solution	782091007	http://purl.bioontology.org/ontology/SNOMEDCT/782091007	Rocuronium bromide 10 mg/mL solution for injection
542347	http://purl.bioontology.org/ontology/RXNORM/542347	isoflurane 999 MG/ML Inhalation Solution	784978007	http://purl.bioontology.org/ontology/SNOMEDCT/784978007	Isoflurane 999 mg/mL solution for inhalation
904419	http://purl.bioontology.org/ontology/RXNORM/904419	alendronic acid 10 MG Oral Tablet	783144007	http://purl.bioontology.org/ontology/SNOMEDCT/783144007	Alendronic acid (as alendronate sodium) 10 mg oral tablet
198440	http://purl.bioontology.org/ontology/RXNORM/198440	acetaminophen 500 MG Oral Tablet	322236009	http://purl.bioontology.org/ontology/SNOMEDCT/322236009	Acetaminophen 500 mg oral tablet
313988	http://purl.bioontology.org/ontology/RXNORM/313988	furosemide 40 MG Oral Tablet	317972000	http://purl.bioontology.org/ontology/SNOMEDCT/317972000	Furosemide 40 mg oral tablet
200033	http://purl.bioontology.org/ontology/RXNORM/200033	carvedilol 25 MG Oral Tablet	318632005	http://purl.bioontology.org/ontology/SNOMEDCT/318632005	Carvedilol 25 mg oral tablet
314077	http://purl.bioontology.org/ontology/RXNORM/314077	lisinopril 20 MG Oral Tablet	318860005	http://purl.bioontology.org/ontology/SNOMEDCT/318860005	Lisinopril 20 mg oral tablet
979492	http://purl.bioontology.org/ontology/RXNORM/979492	losartan potassium 50 MG Oral Tablet	318956006	http://purl.bioontology.org/ontology/SNOMEDCT/318956006	Losartan potassium 50 mg oral tablet
861467	http://purl.bioontology.org/ontology/RXNORM/861467	meperidine hydrochloride 50 MG Oral Tablet	783110000	http://purl.bioontology.org/ontology/SNOMEDCT/783110000	Meperidine hydrochloride 50 mg oral tablet
243670	http://purl.bioontology.org/ontology/RXNORM/243670	aspirin 81 MG Oral Tablet	765570009	http://snomed.info/id/765570009	Aspirin 81 mg gastro-resistant oral tablet
197380	http://purl.bioontology.org/ontology/RXNORM/197380	atenolol 25 MG Oral Tablet	318434003	http://purl.bioontology.org/ontology/SNOMEDCT/318434003	Atenolol 25 mg oral tablet
200345	http://purl.bioontology.org/ontology/RXNORM/200345	simvastatin 80 MG Oral Tablet	320006003	http://purl.bioontology.org/ontology/SNOMEDCT/320006003	Simvastatin 80 mg oral tablet
197884	http://purl.bioontology.org/ontology/RXNORM/197884	lisinopril 40 MG Oral Tablet	376772000	http://purl.bioontology.org/ontology/SNOMEDCT/376772000	Lisinopril 40 mg oral tablet
855812	http://purl.bioontology.org/ontology/RXNORM/855812	prasugrel 10 MG Oral Tablet	783368008	http://purl.bioontology.org/ontology/SNOMEDCT/783368008	Prasugrel (as prasugrel hydrochloride) 10 mg oral tablet
860975	http://purl.bioontology.org/ontology/RXNORM/860975	24 HR metformin hydrochloride 500 MG Extended Release Oral Tablet	765507008	http://purl.bioontology.org/ontology/SNOMEDCT/765507008	Metformin hydrochloride 500 mg prolonged-release oral tablet
1049630	http://purl.bioontology.org/ontology/RXNORM/1049630	diphenhydramine hydrochloride 25 MG Oral Tablet	320726008	http://purl.bioontology.org/ontology/SNOMEDCT/320726008	Diphenhydramine hydrochloride 25 mg oral tablet
897685	http://purl.bioontology.org/ontology/RXNORM/897685	verapamil hydrochloride 80 MG Oral Tablet [Calan]	318205007	http://snomed.info/id/318205007	Verapamil hydrochloride 80 mg oral tablet
855332	http://purl.bioontology.org/ontology/RXNORM/855332	warfarin sodium 5 MG Oral Tablet	319735007	http://purl.bioontology.org/ontology/SNOMEDCT/319735007	Warfarin sodium 5 mg oral tablet
197604	http://purl.bioontology.org/ontology/RXNORM/197604	digoxin 0.125 MG Oral Tablet	317896006	http://purl.bioontology.org/ontology/SNOMEDCT/317896006	Digoxin 125 microgram oral tablet
197541	http://purl.bioontology.org/ontology/RXNORM/197541	colchicine 0.6 MG Oral Tablet	443200007	http://purl.bioontology.org/ontology/SNOMEDCT/443200007	Colchicine 600 microgram oral tablet
197319	http://purl.bioontology.org/ontology/RXNORM/197319	allopurinol 100 MG Oral Tablet	330061001	http://purl.bioontology.org/ontology/SNOMEDCT/330061001	Allopurinol 100 mg oral tablet
617296	http://purl.bioontology.org/ontology/RXNORM/617296	amoxicillin 500 MG / clavulanate 125 MG Oral Tablet	323539009	http://purl.bioontology.org/ontology/SNOMEDCT/323539009	Amoxicillin 500 mg and clavulanic acid (as clavulanate potassium) 125 mg oral tablet
198014	http://purl.bioontology.org/ontology/RXNORM/198014	naproxen 500 MG Oral Tablet	1217386004	http://purl.bioontology.org/ontology/SNOMEDCT/1217386004	Naproxen (as naproxen sodium) 500 mg oral tablet
1719286	http://purl.bioontology.org/ontology/RXNORM/1719286	10 ML furosemide 10 MG/ML Injection	781903001	http://snomed.info/id/781903001	Furosemide 10 mg/mL solution for injection
309097	http://purl.bioontology.org/ontology/RXNORM/309097	cefuroxime 250 MG Oral Tablet	376969002	http://purl.bioontology.org/ontology/SNOMEDCT/376969002	Cefuroxime axetil 300 mg oral tablet
1049221	http://purl.bioontology.org/ontology/RXNORM/1049221	acetaminophen 325 MG / oxycodone hydrochloride 5 MG Oral Tablet	377343008	http://purl.bioontology.org/ontology/SNOMEDCT/377343008	Acetaminophen 325 mg and oxycodone hydrochloride 5 mg oral tablet
209387	http://purl.bioontology.org/ontology/RXNORM/209387	acetaminophen 325 MG Oral Tablet [Tylenol]	370150001	http://snomed.info/id/370150001	Acetaminophen 325 mg oral tablet
857005	http://purl.bioontology.org/ontology/RXNORM/857005	acetaminophen 325 MG / hydrocodone bitartrate 7.5 MG Oral Tablet	421739003	http://purl.bioontology.org/ontology/SNOMEDCT/421739003	Acetaminophen 325 mg and hydrocodone bitartrate 7.5 mg oral tablet
245314	http://purl.bioontology.org/ontology/RXNORM/245314	albuterol 5 MG/ML Inhalation Solution	1197460000	http://purl.bioontology.org/ontology/SNOMEDCT/1197460000	Albuterol (as albuterol sulfate) 5 mg/mL solution for inhalation
198031	http://purl.bioontology.org/ontology/RXNORM/198031	24 HR nicotine 0.292 MG/HR Transdermal System	769525009	http://purl.bioontology.org/ontology/SNOMEDCT/769525009	Nicotine 291.667 microgram/hour prolonged-release transdermal patch
1373463	http://purl.bioontology.org/ontology/RXNORM/1373463	canagliflozin 100 MG Oral Tablet	703682001	http://purl.bioontology.org/ontology/SNOMEDCT/703682001	Canagliflozin 100 mg oral tablet
308192	http://purl.bioontology.org/ontology/RXNORM/308192	amoxicillin 500 MG Oral Tablet	374646004	http://purl.bioontology.org/ontology/SNOMEDCT/374646004	Amoxicillin 500 mg oral tablet
198405	http://purl.bioontology.org/ontology/RXNORM/198405	ibuprofen 100 MG Oral Tablet	370192006	http://purl.bioontology.org/ontology/SNOMEDCT/370192006	Ibuprofen 100 mg oral tablet
313820	http://purl.bioontology.org/ontology/RXNORM/313820	acetaminophen 160 MG Chewable Tablet	398980002	http://purl.bioontology.org/ontology/SNOMEDCT/398980002	Acetaminophen 160 mg chewable tablet
834061	http://purl.bioontology.org/ontology/RXNORM/834061	penicillin V potassium 250 MG Oral Tablet	323416001	http://purl.bioontology.org/ontology/SNOMEDCT/323416001	Penicillin V (as penicillin V potassium) 250 mg oral tablet
309045	http://purl.bioontology.org/ontology/RXNORM/309045	cefaclor 250 MG Oral Capsule	323791006	http://purl.bioontology.org/ontology/SNOMEDCT/323791006	Cefaclor 250 mg oral capsule
197454	http://purl.bioontology.org/ontology/RXNORM/197454	cephalexin 500 MG Oral Tablet	783072003	http://purl.bioontology.org/ontology/SNOMEDCT/783072003	Cephalexin 500 mg oral tablet
311700	http://purl.bioontology.org/ontology/RXNORM/311700	midazolam 1 MG/ML Injectable Solution	782000003	http://purl.bioontology.org/ontology/SNOMEDCT/782000003	Midazolam (as midazolam hydrochloride) 1 mg/mL solution for injection
1729584	http://purl.bioontology.org/ontology/RXNORM/1729584	remifentanil 2 MG Injection	333989001	http://purl.bioontology.org/ontology/SNOMEDCT/333989001	Remifentanil (as remifentanil hydrochloride) 2 mg powder for solution for injection vial
308971	http://purl.bioontology.org/ontology/RXNORM/308971	carbamazepine 20 MG/ML Oral Suspension [Tegretol]	322891009	http://snomed.info/id/322891009	Carbamazepine 20 mg/mL oral suspension
312938	http://purl.bioontology.org/ontology/RXNORM/312938	sertraline 100 MG Oral Tablet	783380000	http://purl.bioontology.org/ontology/SNOMEDCT/783380000	Sertraline (as sertraline hydrochloride) 100 mg oral tablet
665078	http://purl.bioontology.org/ontology/RXNORM/665078	loratadine 5 MG Chewable Tablet	423979005	http://purl.bioontology.org/ontology/SNOMEDCT/423979005	Loratadine 5 mg chewable tablet
966222	http://purl.bioontology.org/ontology/RXNORM/966222	levothyroxine sodium 0.075 MG Oral Tablet	783647004	http://purl.bioontology.org/ontology/SNOMEDCT/783647004	Levothyroxine sodium anhydrous 75 microgram oral tablet
477045	http://purl.bioontology.org/ontology/RXNORM/477045	chlorpheniramine maleate 2 MG/ML Oral Solution	784659009	http://snomed.info/id/784659009	Chlorpheniramine maleate 2 mg and ibuprofen 200 mg and pseudoephedrine hydrochloride 30 mg oral tablet
106258	http://purl.bioontology.org/ontology/RXNORM/106258	hydrocortisone 10 MG/ML Topical Cream	331722005	http://purl.bioontology.org/ontology/SNOMEDCT/331722005	Hydrocortisone 10 mg/g and urea 100 mg/g cutaneous cream
997501	http://purl.bioontology.org/ontology/RXNORM/997501	fexofenadine hydrochloride 60 MG Oral Tablet	376716006	http://purl.bioontology.org/ontology/SNOMEDCT/376716006	Fexofenadine hydrochloride 60 mg oral tablet
310436	http://purl.bioontology.org/ontology/RXNORM/310436	galantamine 4 MG Oral Tablet	323381002	http://purl.bioontology.org/ontology/SNOMEDCT/323381002	Galantamine (as galantamine hydrobromide) 4 mg oral tablet
197378	http://purl.bioontology.org/ontology/RXNORM/197378	astemizole 10 MG Oral Tablet	427388006	http://purl.bioontology.org/ontology/SNOMEDCT/427388006	Astemizole 10 mg oral tablet
993770	http://purl.bioontology.org/ontology/RXNORM/993770	acetaminophen 300 MG / codeine phosphate 15 MG Oral Tablet	377261001	http://purl.bioontology.org/ontology/SNOMEDCT/377261001	Acetaminophen 300 mg and codeine phosphate 15 mg oral tablet
835603	http://purl.bioontology.org/ontology/RXNORM/835603	tramadol hydrochloride 50 MG Oral Tablet	374896000	http://purl.bioontology.org/ontology/SNOMEDCT/374896000	Tramadol hydrochloride 50 mg oral tablet
1534809	http://purl.bioontology.org/ontology/RXNORM/1534809	168 HR ethinyl estradiol 0.00146 MG/HR / norelgestromin 0.00625 MG/HR Transdermal System	784663002	http://purl.bioontology.org/ontology/SNOMEDCT/784663002	Ethinyl estradiol 1.46 microgram/hour and norelgestromin 6.25 microgram/hour prolonged-release transdermal patch
389221	http://purl.bioontology.org/ontology/RXNORM/389221	etonogestrel 68 MG Drug Implant	785088001	http://purl.bioontology.org/ontology/SNOMEDCT/785088001	Etonogestrel 68 mg prolonged-release subcutaneous implant
105585	http://purl.bioontology.org/ontology/RXNORM/105585	methotrexate 2.5 MG Oral Tablet	1162454001	http://purl.bioontology.org/ontology/SNOMEDCT/1162454001	Methotrexate (as methotrexate sodium) 2.5 mg oral tablet
212033	http://purl.bioontology.org/ontology/RXNORM/212033	aspirin 325 MG Oral Tablet	370166004	http://purl.bioontology.org/ontology/SNOMEDCT/370166004	Aspirin 325 mg oral tablet
198039	http://purl.bioontology.org/ontology/RXNORM/198039	nitroglycerin 0.4 MG Sublingual Tablet	375631002	http://purl.bioontology.org/ontology/SNOMEDCT/375631002	Nitroglycerin 400 microgram sublingual tablet
749196	http://purl.bioontology.org/ontology/RXNORM/749196	clopidogrel 300 MG Oral Tablet	429540001	http://purl.bioontology.org/ontology/SNOMEDCT/429540001	Clopidogrel (as clopidogrel bisulfate) 300 mg oral tablet
859419	http://purl.bioontology.org/ontology/RXNORM/859419	rosuvastatin calcium 40 MG Oral Tablet	408024009	http://purl.bioontology.org/ontology/SNOMEDCT/408024009	Rosuvastatin (as rosuvastatin calcium) 40 mg oral tablet
197591	http://purl.bioontology.org/ontology/RXNORM/197591	diazepam 5 MG Oral Tablet	321197008	http://purl.bioontology.org/ontology/SNOMEDCT/321197008	Diazepam 5 mg oral tablet
199224	http://purl.bioontology.org/ontology/RXNORM/199224	anastrozole 1 MG Oral Tablet	327373002	http://purl.bioontology.org/ontology/SNOMEDCT/327373002	Anastrozole 1 mg oral tablet
1601380	http://purl.bioontology.org/ontology/RXNORM/1601380	palbociclib 100 MG Oral Capsule	863986006	http://purl.bioontology.org/ontology/SNOMEDCT/863986006	Palbociclib 100 mg oral capsule
996740	http://purl.bioontology.org/ontology/RXNORM/996740	memantine hydrochloride 2 MG/ML Oral Solution	785131000	http://purl.bioontology.org/ontology/SNOMEDCT/785131000	Memantine hydrochloride 2 mg/mL oral solution
1659131	http://purl.bioontology.org/ontology/RXNORM/1659131	piperacillin 2000 MG / tazobactam 250 MG Injection	1074911000202101	http://purl.bioontology.org/ontology/SNOMEDCT/1074911000202101	Piperacillin (as piperacillin sodium) 2 g and tazobactam (as tazobactam sodium) 250 mg powder for solution for infusion vial
1361048	http://purl.bioontology.org/ontology/RXNORM/1361048	heparin sodium, porcine 100 UNT/ML Injectable Solution	784464000	http://purl.bioontology.org/ontology/SNOMEDCT/784464000	Heparin (as porcine heparin sodium) 100 unit/mL solution for injection
1116635	http://purl.bioontology.org/ontology/RXNORM/1116635	ticagrelor 90 MG Oral Tablet	704465002	http://purl.bioontology.org/ontology/SNOMEDCT/704465002	Ticagrelor 90 mg oral tablet
1659149	http://purl.bioontology.org/ontology/RXNORM/1659149	piperacillin 4000 MG / tazobactam 500 MG Injection	323671007	http://purl.bioontology.org/ontology/SNOMEDCT/323671007	Piperacillin (as piperacillin sodium) 4 g and tazobactam (as tazobactam sodium) 500 mg powder for solution for injection vial
197381	http://purl.bioontology.org/ontology/RXNORM/197381	atenolol 50 MG Oral Tablet	318420003	http://purl.bioontology.org/ontology/SNOMEDCT/318420003	Atenolol 50 mg oral tablet
617310	http://purl.bioontology.org/ontology/RXNORM/617310	atorvastatin 20 MG Oral Tablet	1145420004	http://purl.bioontology.org/ontology/SNOMEDCT/1145420004	Atorvastatin (as atorvastatin calcium) 20 mg oral tablet
751616	http://purl.bioontology.org/ontology/RXNORM/751616	nebivolol 10 MG Oral Tablet [Bystolic]	783359006	http://snomed.info/id/783359006	Nebivolol (as nebivolol hydrochloride) 10 mg oral tablet
617311	http://purl.bioontology.org/ontology/RXNORM/617311	atorvastatin 40 MG Oral Tablet	1145421000	http://purl.bioontology.org/ontology/SNOMEDCT/1145421000	Atorvastatin (as atorvastatin calcium) 40 mg oral tablet
979485	http://purl.bioontology.org/ontology/RXNORM/979485	losartan potassium 25 MG Oral Tablet	318955005	http://purl.bioontology.org/ontology/SNOMEDCT/318955005	Losartan potassium 25 mg oral tablet
617312	http://purl.bioontology.org/ontology/RXNORM/617312	atorvastatin 10 MG Oral Tablet	1145419005	http://purl.bioontology.org/ontology/SNOMEDCT/1145419005	Atorvastatin (as atorvastatin calcium) 10 mg oral tablet
311354	http://purl.bioontology.org/ontology/RXNORM/311354	lisinopril 5 MG Oral Tablet	318858008	http://purl.bioontology.org/ontology/SNOMEDCT/318858008	Lisinopril 5 mg oral tablet
311034	http://purl.bioontology.org/ontology/RXNORM/311034	insulin, regular, human 100 UNT/ML Injectable Solution	792877004	http://purl.bioontology.org/ontology/SNOMEDCT/792877004	Human regular insulin 100 unit/mL solution for injection
997488	http://purl.bioontology.org/ontology/RXNORM/997488	fexofenadine hydrochloride 30 MG Oral Tablet	371748006	http://purl.bioontology.org/ontology/SNOMEDCT/371748006	Fexofenadine hydrochloride 30 mg oral tablet
351266	http://purl.bioontology.org/ontology/RXNORM/351266	buprenorphine 2 MG / naloxone 0.5 MG Sublingual Tablet	784700008	http://purl.bioontology.org/ontology/SNOMEDCT/784700008	Buprenorphine 2 mg and naloxone hydrochloride 500 microgram sublingual tablet
1736854	http://purl.bioontology.org/ontology/RXNORM/1736854	cisplatin 50 MG Injection	784941009	http://purl.bioontology.org/ontology/SNOMEDCT/784941009	Cisplatin 50 mg powder for solution for injection vial
583214	http://purl.bioontology.org/ontology/RXNORM/583214	paclitaxel 100 MG Injection	416803003	http://purl.bioontology.org/ontology/SNOMEDCT/416803003	Paclitaxel 100 mg powder for suspension for injection vial
351109	http://purl.bioontology.org/ontology/RXNORM/351109	budesonide 0.25 MG/ML Inhalation Suspension	1255204003	http://purl.bioontology.org/ontology/SNOMEDCT/1255204003	Budesonide 250 microgram/mL suspension for nebulizer
105078	http://purl.bioontology.org/ontology/RXNORM/105078	penicillin G 375 MG/ML Injectable Solution	323398002	http://purl.bioontology.org/ontology/SNOMEDCT/323398002	Penicillin G sodium 600 mg powder for solution for injection vial
200243	http://purl.bioontology.org/ontology/RXNORM/200243	sevoflurane 1000 MG/ML Inhalation Solution	1285093003	http://purl.bioontology.org/ontology/SNOMEDCT/1285093003	Sevoflurane 1 mL/mL solution for inhalation
686924	http://purl.bioontology.org/ontology/RXNORM/686924	carvedilol 3.125 MG Oral Tablet	318633000	http://purl.bioontology.org/ontology/SNOMEDCT/318633000	Carvedilol 3.125 mg oral tablet
259255	http://purl.bioontology.org/ontology/RXNORM/259255	atorvastatin 80 MG Oral Tablet	1145422007	http://purl.bioontology.org/ontology/SNOMEDCT/1145422007	Atorvastatin (as atorvastatin calcium) 80 mg oral tablet
866436	http://purl.bioontology.org/ontology/RXNORM/866436	24 HR metoprolol succinate 50 MG Extended Release Oral Tablet	879979006	http://purl.bioontology.org/ontology/SNOMEDCT/879979006	Metoprolol tartrate (as metoprolol succinate) 50 mg prolonged-release oral tablet
979480	http://purl.bioontology.org/ontology/RXNORM/979480	losartan potassium 100 MG Oral Tablet	407784004	http://purl.bioontology.org/ontology/SNOMEDCT/407784004	Losartan potassium 100 mg oral tablet
200032	http://purl.bioontology.org/ontology/RXNORM/200032	carvedilol 12.5 MG Oral Tablet	318631003	http://purl.bioontology.org/ontology/SNOMEDCT/318631003	Carvedilol 12.5 mg oral tablet
904475	http://purl.bioontology.org/ontology/RXNORM/904475	pravastatin sodium 40 MG Oral Tablet	320014009	http://purl.bioontology.org/ontology/SNOMEDCT/320014009	Pravastatin sodium 40 mg oral tablet
833135	http://purl.bioontology.org/ontology/RXNORM/833135	milnacipran hydrochloride 100 MG Oral Tablet	441732000	http://purl.bioontology.org/ontology/SNOMEDCT/441732000	Milnacipran hydrochloride 100 mg oral tablet
141918	http://purl.bioontology.org/ontology/RXNORM/141918	terfenadine 60 MG Oral Tablet	320795003	http://purl.bioontology.org/ontology/SNOMEDCT/320795003	Terfenadine 60 mg oral tablet
2563431	http://purl.bioontology.org/ontology/RXNORM/2563431	aspirin 81 MG Oral Capsule [Vazalore]	765570009	http://snomed.info/id/765570009	Aspirin 81 mg gastro-resistant oral tablet
866511	http://purl.bioontology.org/ontology/RXNORM/866511	metoprolol tartrate 100 MG Oral Tablet	318474009	http://purl.bioontology.org/ontology/SNOMEDCT/318474009	Metoprolol tartrate 100 mg oral tablet
896758	http://purl.bioontology.org/ontology/RXNORM/896758	labetalol hydrochloride 100 MG Oral Tablet	318445000	http://purl.bioontology.org/ontology/SNOMEDCT/318445000	Labetalol hydrochloride 100 mg oral tablet
197905	http://purl.bioontology.org/ontology/RXNORM/197905	lovastatin 40 MG Oral Tablet	376839008	http://purl.bioontology.org/ontology/SNOMEDCT/376839008	Lovastatin 40 mg oral tablet
200096	http://purl.bioontology.org/ontology/RXNORM/200096	irbesartan 300 MG Oral Tablet	318970006	http://purl.bioontology.org/ontology/SNOMEDCT/318970006	Irbesartan 300 mg oral tablet
1649987	http://purl.bioontology.org/ontology/RXNORM/1649987	doxycycline hyclate 100 MG	1156033004	http://snomed.info/id/1156033004	Doxycycline (as doxycycline hyclate) 100 mg oral capsule
997223	http://purl.bioontology.org/ontology/RXNORM/997223	donepezil hydrochloride 10 MG Oral Tablet	323365007	http://purl.bioontology.org/ontology/SNOMEDCT/323365007	Donepezil hydrochloride 10 mg oral tablet
1100184	http://purl.bioontology.org/ontology/RXNORM/1100184	donepezil hydrochloride 23 MG Oral Tablet	447211000	http://purl.bioontology.org/ontology/SNOMEDCT/447211000	Donepezil hydrochloride 23 mg oral tablet
866427	http://purl.bioontology.org/ontology/RXNORM/866427	24 HR metoprolol succinate 25 MG Extended Release Oral Tablet	879978003	http://purl.bioontology.org/ontology/SNOMEDCT/879978003	Metoprolol tartrate (as metoprolol succinate) 25 mg prolonged-release oral tablet
311353	http://purl.bioontology.org/ontology/RXNORM/311353	lisinopril 2.5 MG Oral Tablet	318857003	http://purl.bioontology.org/ontology/SNOMEDCT/318857003	Lisinopril 2.5 mg oral tablet
198211	http://purl.bioontology.org/ontology/RXNORM/198211	simvastatin 40 MG Oral Tablet	320000009	http://purl.bioontology.org/ontology/SNOMEDCT/320000009	Simvastatin 40 mg oral tablet
197887	http://purl.bioontology.org/ontology/RXNORM/197887	hydrochlorothiazide 25 MG / lisinopril 20 MG Oral Tablet	377469001	http://purl.bioontology.org/ontology/SNOMEDCT/377469001	Hydrochlorothiazide 25 mg and lisinopril 20 mg oral tablet
200031	http://purl.bioontology.org/ontology/RXNORM/200031	carvedilol 6.25 MG Oral Tablet	318635007	http://purl.bioontology.org/ontology/SNOMEDCT/318635007	Carvedilol 6.25 mg oral tablet
904481	http://purl.bioontology.org/ontology/RXNORM/904481	pravastatin sodium 80 MG Oral Tablet	419699008	http://purl.bioontology.org/ontology/SNOMEDCT/419699008	Pravastatin sodium 80 mg oral tablet
197886	http://purl.bioontology.org/ontology/RXNORM/197886	hydrochlorothiazide 12.5 MG / lisinopril 20 MG Oral Tablet	318880006	http://purl.bioontology.org/ontology/SNOMEDCT/318880006	Hydrochlorothiazide 12.5 mg and lisinopril 20 mg oral tablet
310385	http://purl.bioontology.org/ontology/RXNORM/310385	fluoxetine 20 MG Oral Capsule	321949006	http://purl.bioontology.org/ontology/SNOMEDCT/321949006	Fluoxetine (as fluoxetine hydrochloride) 20 mg oral capsule
751623	http://purl.bioontology.org/ontology/RXNORM/751623	nebivolol 5 MG Oral Tablet [Bystolic]	783361002	http://snomed.info/id/783361002	Nebivolol (as nebivolol hydrochloride) 5 mg oral tablet
979468	http://purl.bioontology.org/ontology/RXNORM/979468	hydrochlorothiazide 12.5 MG / losartan potassium 50 MG Oral Tablet	318959004	http://purl.bioontology.org/ontology/SNOMEDCT/318959004	Hydrochlorothiazide 12.5 mg and losartan potassium 50 mg oral tablet
198240	http://purl.bioontology.org/ontology/RXNORM/198240	tamoxifen 10 MG Oral Tablet	783376005	http://purl.bioontology.org/ontology/SNOMEDCT/783376005	Tamoxifen (as tamoxifen citrate) 10 mg oral tablet
562366	http://purl.bioontology.org/ontology/RXNORM/562366	desflurane 1000 MG/ML Inhalation Solution	1285018008	http://purl.bioontology.org/ontology/SNOMEDCT/1285018008	Desflurane 1 mL/mL solution for inhalation
859751	http://purl.bioontology.org/ontology/RXNORM/859751	rosuvastatin calcium 20 MG Oral Tablet	408037007	http://purl.bioontology.org/ontology/SNOMEDCT/408037007	Rosuvastatin (as rosuvastatin calcium) 20 mg oral tablet
1363309	http://purl.bioontology.org/ontology/RXNORM/1363309	chlorpheniramine maleate 4 MG Oral Tablet	783069005	http://purl.bioontology.org/ontology/SNOMEDCT/783069005	Chlorpheniramine maleate 4 mg oral tablet
904467	http://purl.bioontology.org/ontology/RXNORM/904467	pravastatin sodium 20 MG Oral Tablet	320013003	http://purl.bioontology.org/ontology/SNOMEDCT/320013003	Pravastatin sodium 20 mg oral tablet
596926	http://purl.bioontology.org/ontology/RXNORM/596926	duloxetine 20 MG Delayed Release Oral Capsule	765990009	http://purl.bioontology.org/ontology/SNOMEDCT/765990009	Duloxetine (as duloxetine hydrochloride) 20 mg gastro-resistant oral capsule
483438	http://purl.bioontology.org/ontology/RXNORM/483438	pregabalin 100 MG Oral Capsule	415161007	http://purl.bioontology.org/ontology/SNOMEDCT/415161007	Pregabalin 100 mg oral capsule
349201	http://purl.bioontology.org/ontology/RXNORM/349201	valsartan 160 MG Oral Tablet	375035005	http://purl.bioontology.org/ontology/SNOMEDCT/375035005	Valsartan 160 mg oral tablet
636045	http://purl.bioontology.org/ontology/RXNORM/636045	hydrochlorothiazide 25 MG / valsartan 320 MG Oral Tablet	420960008	http://purl.bioontology.org/ontology/SNOMEDCT/420960008	Hydrochlorothiazide 25 mg and valsartan 320 mg oral tablet
1734919	http://purl.bioontology.org/ontology/RXNORM/1734919	cyclophosphamide 1000 MG Injection	1148475005	http://purl.bioontology.org/ontology/SNOMEDCT/1148475005	Cyclophosphamide 1 g powder for solution for injection vial
866924	http://purl.bioontology.org/ontology/RXNORM/866924	metoprolol tartrate 25 MG Oral Tablet	409226009	http://purl.bioontology.org/ontology/SNOMEDCT/409226009	Metoprolol tartrate 25 mg oral tablet
235389	http://purl.bioontology.org/ontology/RXNORM/235389	mestranol / norethynodrel	395785001	http://snomed.info/id/395785001	Mestranol
979471	http://purl.bioontology.org/ontology/RXNORM/979471	hydrochlorothiazide 25 MG / losartan potassium 100 MG Oral Tablet	395497004	http://purl.bioontology.org/ontology/SNOMEDCT/395497004	Hydrochlorothiazide 25 mg and losartan potassium 100 mg oral tablet
212446	http://purl.bioontology.org/ontology/RXNORM/212446	azithromycin 250 MG Oral Tablet [Zithromax]	J01FA10	http://snomed.info/id/J01FA10	azithromycin
197511	http://purl.bioontology.org/ontology/RXNORM/197511	ciprofloxacin 250 MG Oral Tablet	783329001	http://purl.bioontology.org/ontology/SNOMEDCT/783329001	Ciprofloxacin (as ciprofloxacin hydrochloride) 250 mg oral tablet
898346	http://purl.bioontology.org/ontology/RXNORM/898346	amlodipine 10 MG / benazepril hydrochloride 40 MG Oral Capsule	1149522000	http://purl.bioontology.org/ontology/SNOMEDCT/1149522000	Amlodipine (as amlodipine besylate) 10 mg and benazepril hydrochloride 40 mg oral capsule
1873983	http://purl.bioontology.org/ontology/RXNORM/1873983	ribociclib 200 MG Oral Tablet	895598003	http://purl.bioontology.org/ontology/SNOMEDCT/895598003	Ribociclib (as ribociclib succinate) 200 mg oral tablet
856481	http://purl.bioontology.org/ontology/RXNORM/856481	24 HR propranolol hydrochloride 160 MG Extended Release Oral Capsule	765898001	http://purl.bioontology.org/ontology/SNOMEDCT/765898001	Propranolol hydrochloride 160 mg prolonged-release oral capsule
313212	http://purl.bioontology.org/ontology/RXNORM/313212	tenecteplase 50 MG Injection	766186001	http://purl.bioontology.org/ontology/SNOMEDCT/766186001	Tenecteplase 50 mg powder for solution for injection vial
200064	http://purl.bioontology.org/ontology/RXNORM/200064	letrozole 2.5 MG Oral Tablet	327377001	http://purl.bioontology.org/ontology/SNOMEDCT/327377001	Letrozole 2.5 mg oral tablet
562508	http://purl.bioontology.org/ontology/RXNORM/562508	amoxicillin 875 MG / clavulanate 125 MG Oral Tablet	392259005	http://purl.bioontology.org/ontology/SNOMEDCT/392259005	Amoxicillin 875 mg and clavulanic acid (as clavulanate potassium) 125 mg oral tablet
808917	http://purl.bioontology.org/ontology/RXNORM/808917	fosfomycin 3000 MG Powder for Oral Solution	1263405000	http://purl.bioontology.org/ontology/SNOMEDCT/1263405000	Fosfomycin (as fosfomycin tromethamine) 3 g granules for oral solution sachet
312617	http://purl.bioontology.org/ontology/RXNORM/312617	prednisone 5 MG Oral Tablet	373994007	http://purl.bioontology.org/ontology/SNOMEDCT/373994007	Prednisone 5 mg oral tablet
309078	http://purl.bioontology.org/ontology/RXNORM/309078	cefpodoxime 200 MG Oral Tablet	1153579005	http://purl.bioontology.org/ontology/SNOMEDCT/1153579005	Cefpodoxime (as cefpodoxime proxetil) 200 mg oral tablet
1014678	http://purl.bioontology.org/ontology/RXNORM/1014678	cetirizine hydrochloride 10 MG Oral Tablet	320818006	http://purl.bioontology.org/ontology/SNOMEDCT/320818006	Cetirizine hydrochloride 10 mg oral tablet
866514	http://purl.bioontology.org/ontology/RXNORM/866514	metoprolol tartrate 50 MG Oral Tablet	318475005	http://purl.bioontology.org/ontology/SNOMEDCT/318475005	Metoprolol tartrate 50 mg oral tablet
351137	http://purl.bioontology.org/ontology/RXNORM/351137	albuterol 0.21 MG/ML Inhalation Solution	375336001	http://purl.bioontology.org/ontology/SNOMEDCT/375336001	Albuterol (as albuterol sulfate) 210 microgram/mL solution for inhalation
643066	http://purl.bioontology.org/ontology/RXNORM/643066	efavirenz 600 MG / emtricitabine 200 MG / tenofovir disoproxil fumarate 300 MG Oral Tablet	424646001	http://purl.bioontology.org/ontology/SNOMEDCT/424646001	Efavirenz 600 mg and emtricitabine 200 mg and tenofovir disoproxil fumarate 300 mg oral tablet
226719	http://purl.bioontology.org/ontology/RXNORM/226719	etoposide 100 MG Injection [Etopophos]	326924006	http://snomed.info/id/326924006	Etoposide (as etoposide phosphate) 100 mg powder for solution for injection vial
898342	http://purl.bioontology.org/ontology/RXNORM/898342	amlodipine 10 MG / benazepril hydrochloride 20 MG Oral Capsule	1149523005	http://purl.bioontology.org/ontology/SNOMEDCT/1149523005	Amlodipine (as amlodipine besylate) 10 mg and benazepril hydrochloride 20 mg oral capsule
859747	http://purl.bioontology.org/ontology/RXNORM/859747	rosuvastatin calcium 10 MG Oral Tablet	408036003	http://purl.bioontology.org/ontology/SNOMEDCT/408036003	Rosuvastatin (as rosuvastatin calcium) 10 mg oral tablet
284215	http://purl.bioontology.org/ontology/RXNORM/284215	clindamycin 300 MG Oral Capsule	1231776004	http://purl.bioontology.org/ontology/SNOMEDCT/1231776004	Clindamycin (as clindamycin hydrochloride) 300 mg oral capsule
898690	http://purl.bioontology.org/ontology/RXNORM/898690	benazepril hydrochloride 20 MG Oral Tablet	376520007	http://purl.bioontology.org/ontology/SNOMEDCT/376520007	Benazepril hydrochloride 20 mg oral tablet
854255	http://purl.bioontology.org/ontology/RXNORM/854255	enoxaparin sodium 100 MG/ML Injectable Solution	781857007	http://purl.bioontology.org/ontology/SNOMEDCT/781857007	Enoxaparin sodium 100 mg/mL solution for injection
1665021	http://purl.bioontology.org/ontology/RXNORM/1665021	ceftriaxone 1000 MG Injection	323990001	http://purl.bioontology.org/ontology/SNOMEDCT/323990001	Ceftriaxone (as ceftriaxone sodium) 1 g powder for solution for injection vial
1807513	http://purl.bioontology.org/ontology/RXNORM/1807513	vancomycin 1000 MG Injection	1231469008	http://purl.bioontology.org/ontology/SNOMEDCT/1231469008	Vancomycin (as vancomycin hydrochloride) 1 g powder for solution for infusion and/or injection vial
197885	http://purl.bioontology.org/ontology/RXNORM/197885	hydrochlorothiazide 12.5 MG / lisinopril 10 MG Oral Tablet	318884002	http://purl.bioontology.org/ontology/SNOMEDCT/318884002	Hydrochlorothiazide 12.5 mg and lisinopril 10 mg oral tablet
309845	http://purl.bioontology.org/ontology/RXNORM/309845	diazepam 5 MG/ML Injectable Solution	781828008	http://purl.bioontology.org/ontology/SNOMEDCT/781828008	Diazepam 5 mg/mL emulsion for injection
856980	http://purl.bioontology.org/ontology/RXNORM/856980	acetaminophen 300 MG / hydrocodone bitartrate 10 MG Oral Tablet	421907000	http://purl.bioontology.org/ontology/SNOMEDCT/421907000	Acetaminophen 300 mg and hydrocodone bitartrate 10 mg oral tablet
200094	http://purl.bioontology.org/ontology/RXNORM/200094	irbesartan 75 MG Oral Tablet	318968002	http://purl.bioontology.org/ontology/SNOMEDCT/318968002	Irbesartan 75 mg oral tablet
861646	http://purl.bioontology.org/ontology/RXNORM/861646	pitavastatin calcium 1 MG Oral Tablet [Livalo]	1303293006	http://snomed.info/id/1303293006	Pitavastatin (as pitavastatin calcium) 1 mg oral tablet
311372	http://purl.bioontology.org/ontology/RXNORM/311372	loratadine 10 MG Oral Tablet	320822001	http://purl.bioontology.org/ontology/SNOMEDCT/320822001	Loratadine 10 mg oral tablet
896766	http://purl.bioontology.org/ontology/RXNORM/896766	labetalol hydrochloride 300 MG Oral Tablet	376570005	http://purl.bioontology.org/ontology/SNOMEDCT/376570005	Labetalol hydrochloride 300 mg oral tablet
1652673	http://purl.bioontology.org/ontology/RXNORM/1652673	doxycycline monohydrate 50 MG Oral Tablet	419208003	http://purl.bioontology.org/ontology/SNOMEDCT/419208003	Doxycycline 50 mg oral tablet
859749	http://purl.bioontology.org/ontology/RXNORM/859749	rosuvastatin calcium 10 MG Oral Tablet [Crestor]	408036003	http://snomed.info/id/408036003	Rosuvastatin (as rosuvastatin calcium) 10 mg oral tablet
898719	http://purl.bioontology.org/ontology/RXNORM/898719	benazepril hydrochloride 40 MG Oral Tablet	376521006	http://purl.bioontology.org/ontology/SNOMEDCT/376521006	Benazepril hydrochloride 40 mg oral tablet
904458	http://purl.bioontology.org/ontology/RXNORM/904458	pravastatin sodium 10 MG Oral Tablet	320012008	http://purl.bioontology.org/ontology/SNOMEDCT/320012008	Pravastatin sodium 10 mg oral tablet
205305	http://purl.bioontology.org/ontology/RXNORM/205305	telmisartan 80 MG Oral Tablet	318987008	http://purl.bioontology.org/ontology/SNOMEDCT/318987008	Telmisartan 80 mg oral tablet
1091392	http://purl.bioontology.org/ontology/RXNORM/1091392	methylphenidate hydrochloride 20 MG Oral Tablet	323359007	http://purl.bioontology.org/ontology/SNOMEDCT/323359007	Methylphenidate hydrochloride 20 mg oral tablet
898356	http://purl.bioontology.org/ontology/RXNORM/898356	amlodipine 5 MG / benazepril hydrochloride 20 MG Oral Capsule	1149509008	http://purl.bioontology.org/ontology/SNOMEDCT/1149509008	Amlodipine (as amlodipine besylate) 5 mg and benazepril hydrochloride 20 mg oral capsule
859424	http://purl.bioontology.org/ontology/RXNORM/859424	rosuvastatin calcium 5 MG Oral Tablet	409108001	http://purl.bioontology.org/ontology/SNOMEDCT/409108001	Rosuvastatin (as rosuvastatin calcium) 5 mg oral tablet
200095	http://purl.bioontology.org/ontology/RXNORM/200095	irbesartan 150 MG Oral Tablet	318969005	http://purl.bioontology.org/ontology/SNOMEDCT/318969005	Irbesartan 150 mg oral tablet
608139	http://purl.bioontology.org/ontology/RXNORM/608139	atomoxetine 100 MG Oral Capsule	419897007	http://purl.bioontology.org/ontology/SNOMEDCT/419897007	Atomoxetine (as atomoxetine hydrochloride) 100 mg oral capsule
898723	http://purl.bioontology.org/ontology/RXNORM/898723	benazepril hydrochloride 5 MG Oral Tablet	376516008	http://purl.bioontology.org/ontology/SNOMEDCT/376516008	Benazepril hydrochloride 5 mg oral tablet
1049635	http://purl.bioontology.org/ontology/RXNORM/1049635	acetaminophen 325 MG / oxycodone hydrochloride 2.5 MG Oral Tablet	426352005	http://purl.bioontology.org/ontology/SNOMEDCT/426352005	Acetaminophen 325 mg and oxycodone hydrochloride 2.5 mg oral tablet
309043	http://purl.bioontology.org/ontology/RXNORM/309043	12 HR cefaclor 500 MG Extended Release Oral Tablet	1286884007	http://purl.bioontology.org/ontology/SNOMEDCT/1286884007	Cefaclor 500 mg prolonged-release oral tablet
898687	http://purl.bioontology.org/ontology/RXNORM/898687	benazepril hydrochloride 10 MG Oral Tablet	376518009	http://purl.bioontology.org/ontology/SNOMEDCT/376518009	Benazepril hydrochloride 10 mg oral tablet
351136	http://purl.bioontology.org/ontology/RXNORM/351136	albuterol 0.417 MG/ML Inhalation Solution	375337005	http://purl.bioontology.org/ontology/SNOMEDCT/375337005	Albuterol sulfate 417 microgram/mL solution for inhalation
763138	http://purl.bioontology.org/ontology/RXNORM/763138	reteplase 10 UNT Injection	766162003	http://purl.bioontology.org/ontology/SNOMEDCT/766162003	Reteplase 10 unit powder for solution for injection vial
212389	http://purl.bioontology.org/ontology/RXNORM/212389	carvedilol 12.5 MG Oral Tablet [Coreg]	318631003	http://snomed.info/id/318631003	Carvedilol 12.5 mg oral tablet
896762	http://purl.bioontology.org/ontology/RXNORM/896762	labetalol hydrochloride 200 MG Oral Tablet	318446004	http://purl.bioontology.org/ontology/SNOMEDCT/318446004	Labetalol hydrochloride 200 mg oral tablet
856448	http://purl.bioontology.org/ontology/RXNORM/856448	propranolol hydrochloride 10 MG Oral Tablet	318352004	http://purl.bioontology.org/ontology/SNOMEDCT/318352004	Propranolol hydrochloride 10 mg oral tablet
1114085	http://purl.bioontology.org/ontology/RXNORM/1114085	100 ML zoledronic acid 0.04 MG/ML Injection	1178983003	http://purl.bioontology.org/ontology/SNOMEDCT/1178983003	Zoledronic acid 40 microgram/mL solution for infusion
1999667	http://purl.bioontology.org/ontology/RXNORM/1999667	bictegravir 50 MG / emtricitabine 200 MG / tenofovir alafenamide 25 MG Oral Tablet	1304317003	http://purl.bioontology.org/ontology/SNOMEDCT/1304317003	Bictegravir (as bictegravir sodium) 50 mg and emtricitabine 200 mg and tenofovir alafenamide (as tenofovir alafenamide fumarate) 25 mg oral tablet
197904	http://purl.bioontology.org/ontology/RXNORM/197904	lovastatin 20 MG Oral Tablet	376836001	http://purl.bioontology.org/ontology/SNOMEDCT/376836001	Lovastatin 20 mg oral tablet
197379	http://purl.bioontology.org/ontology/RXNORM/197379	atenolol 100 MG Oral Tablet	318421004	http://purl.bioontology.org/ontology/SNOMEDCT/318421004	Atenolol 100 mg oral tablet
261962	http://purl.bioontology.org/ontology/RXNORM/261962	ramipril 10 MG Oral Capsule	318906001	http://purl.bioontology.org/ontology/SNOMEDCT/318906001	Ramipril 10 mg oral capsule
1014676	http://purl.bioontology.org/ontology/RXNORM/1014676	cetirizine hydrochloride 5 MG Oral Tablet	371746005	http://purl.bioontology.org/ontology/SNOMEDCT/371746005	Cetirizine hydrochloride 5 mg oral tablet
597195	http://purl.bioontology.org/ontology/RXNORM/597195	carboplatin 10 MG/ML Injectable Solution	1193764009	http://purl.bioontology.org/ontology/SNOMEDCT/1193764009	Carboplatin 10 mg/mL solution for injection
854919	http://purl.bioontology.org/ontology/RXNORM/854919	bisoprolol fumarate 5 MG / hydrochlorothiazide 6.25 MG Oral Tablet	1153514005	http://purl.bioontology.org/ontology/SNOMEDCT/1153514005	Bisoprolol fumarate 5 mg and hydrochlorothiazide 6.25 mg oral tablet
858817	http://purl.bioontology.org/ontology/RXNORM/858817	enalapril maleate 10 MG Oral Tablet	318853004	http://purl.bioontology.org/ontology/SNOMEDCT/318853004	Enalapril maleate 10 mg oral tablet
312750	http://purl.bioontology.org/ontology/RXNORM/312750	quinapril 5 MG Oral Tablet	318885001	http://purl.bioontology.org/ontology/SNOMEDCT/318885001	Quinapril (as quinapril hydrochloride) 5 mg oral tablet
310261	http://purl.bioontology.org/ontology/RXNORM/310261	exemestane 25 MG Oral Tablet	327384009	http://purl.bioontology.org/ontology/SNOMEDCT/327384009	Exemestane 25 mg oral tablet
349200	http://purl.bioontology.org/ontology/RXNORM/349200	valsartan 320 MG Oral Tablet	376487009	http://purl.bioontology.org/ontology/SNOMEDCT/376487009	Valsartan 320 mg oral tablet
312615	http://purl.bioontology.org/ontology/RXNORM/312615	prednisone 20 MG Oral Tablet	325456002	http://purl.bioontology.org/ontology/SNOMEDCT/325456002	Prednisone 20 mg oral tablet
2047241	http://purl.bioontology.org/ontology/RXNORM/2047241	baricitinib 2 MG Oral Tablet	895403001	http://purl.bioontology.org/ontology/SNOMEDCT/895403001	Baricitinib 2 mg oral tablet
200284	http://purl.bioontology.org/ontology/RXNORM/200284	hydrochlorothiazide 12.5 MG / valsartan 80 MG Oral Tablet	377488008	http://purl.bioontology.org/ontology/SNOMEDCT/377488008	Hydrochlorothiazide 12.5 mg and valsartan 80 mg oral tablet
856578	http://purl.bioontology.org/ontology/RXNORM/856578	propranolol hydrochloride 80 MG Oral Tablet	318354003	http://purl.bioontology.org/ontology/SNOMEDCT/318354003	Propranolol hydrochloride 80 mg oral tablet
856457	http://purl.bioontology.org/ontology/RXNORM/856457	propranolol hydrochloride 20 MG Oral Tablet	374912003	http://purl.bioontology.org/ontology/SNOMEDCT/374912003	Propranolol hydrochloride 20 mg oral tablet
198188	http://purl.bioontology.org/ontology/RXNORM/198188	ramipril 2.5 MG Oral Capsule	318901006	http://purl.bioontology.org/ontology/SNOMEDCT/318901006	Ramipril 2.5 mg oral capsule
861650	http://purl.bioontology.org/ontology/RXNORM/861650	pitavastatin calcium 2 MG Oral Tablet [Livalo]	1303292001	http://snomed.info/id/1303292001	Pitavastatin (as pitavastatin calcium) 2 mg oral tablet
476349	http://purl.bioontology.org/ontology/RXNORM/476349	ezetimibe 10 MG / simvastatin 20 MG Oral Tablet	414177002	http://purl.bioontology.org/ontology/SNOMEDCT/414177002	Ezetimibe 10 mg and simvastatin 20 mg oral tablet
349251	http://purl.bioontology.org/ontology/RXNORM/349251	tenofovir disoproxil fumarate 300 MG Oral Tablet	407808007	http://purl.bioontology.org/ontology/SNOMEDCT/407808007	Tenofovir disoproxil (as tenofovir disoproxil fumarate) 245 mg oral tablet
349491	http://purl.bioontology.org/ontology/RXNORM/349491	lamivudine 300 MG Oral Tablet	407791001	http://purl.bioontology.org/ontology/SNOMEDCT/407791001	Lamivudine 300 mg oral tablet
597730	http://purl.bioontology.org/ontology/RXNORM/597730	lopinavir 200 MG / ritonavir 50 MG Oral Tablet	419600002	http://purl.bioontology.org/ontology/SNOMEDCT/419600002	Lopinavir 200 mg and ritonavir 50 mg oral tablet
1721613	http://purl.bioontology.org/ontology/RXNORM/1721613	cobicistat 150 MG / elvitegravir 150 MG / emtricitabine 200 MG / tenofovir alafenamide 10 MG Oral Tablet	734150006	http://purl.bioontology.org/ontology/SNOMEDCT/734150006	Cobicistat 150 mg and elvitegravir 150 mg and emtricitabine 200 mg and tenofovir alafenamide (as tenofovir alafenamide fumarate) 10 mg oral tablet
349353	http://purl.bioontology.org/ontology/RXNORM/349353	hydrochlorothiazide 25 MG / valsartan 160 MG Oral Tablet	409298002	http://purl.bioontology.org/ontology/SNOMEDCT/409298002	Hydrochlorothiazide 25 mg and valsartan 160 mg oral tablet
317150	http://purl.bioontology.org/ontology/RXNORM/317150	ritonavir 100 MG Oral Capsule	324841009	http://purl.bioontology.org/ontology/SNOMEDCT/324841009	Ritonavir 100 mg oral capsule
402109	http://purl.bioontology.org/ontology/RXNORM/402109	fosamprenavir 700 MG Oral Tablet	783324006	http://purl.bioontology.org/ontology/SNOMEDCT/783324006	Fosamprenavir (as fosamprenavir calcium) 700 mg oral tablet
403875	http://purl.bioontology.org/ontology/RXNORM/403875	emtricitabine 200 MG Oral Capsule	409211007	http://purl.bioontology.org/ontology/SNOMEDCT/409211007	Emtricitabine 200 mg oral capsule
2003249	http://purl.bioontology.org/ontology/RXNORM/2003249	lamivudine 300 MG / tenofovir disoproxil fumarate 300 MG Oral Tablet	1268683002	http://purl.bioontology.org/ontology/SNOMEDCT/1268683002	Lamivudine 300 mg and tenofovir disoproxil fumarate 300 mg oral tablet
1433873	http://purl.bioontology.org/ontology/RXNORM/1433873	dolutegravir 50 MG Oral Tablet	768304003	http://purl.bioontology.org/ontology/SNOMEDCT/768304003	Dolutegravir (as dolutegravir sodium) 50 mg oral tablet
866419	http://purl.bioontology.org/ontology/RXNORM/866419	24 HR metoprolol succinate 200 MG Extended Release Oral Tablet	879981008	http://purl.bioontology.org/ontology/SNOMEDCT/879981008	Metoprolol tartrate (as metoprolol succinate) 200 mg prolonged-release oral tablet
308460	http://purl.bioontology.org/ontology/RXNORM/308460	azithromycin 250 MG Oral Tablet	1145423002	http://purl.bioontology.org/ontology/SNOMEDCT/1145423002	Azithromycin 250 mg oral tablet
1116758	http://purl.bioontology.org/ontology/RXNORM/1116758	chloroquine phosphate 500 MG Oral Tablet	374504004	http://purl.bioontology.org/ontology/SNOMEDCT/374504004	Chloroquine phosphate 500 mg oral tablet
313185	http://purl.bioontology.org/ontology/RXNORM/313185	tacrine 10 MG Oral Capsule	386083009	http://purl.bioontology.org/ontology/SNOMEDCT/386083009	Tacrine 10 mg oral capsule
898372	http://purl.bioontology.org/ontology/RXNORM/898372	benazepril hydrochloride 20 MG / hydrochlorothiazide 25 MG Oral Tablet	395525001	http://purl.bioontology.org/ontology/SNOMEDCT/395525001	Benazepril hydrochloride 20 mg and hydrochlorothiazide 25 mg oral tablet
199663	http://purl.bioontology.org/ontology/RXNORM/199663	zidovudine 300 MG Oral Tablet	376938001	http://purl.bioontology.org/ontology/SNOMEDCT/376938001	Zidovudine 300 mg oral tablet
349483	http://purl.bioontology.org/ontology/RXNORM/349483	valsartan 40 MG Oral Tablet	416515008	http://purl.bioontology.org/ontology/SNOMEDCT/416515008	Valsartan 40 mg oral tablet
349477	http://purl.bioontology.org/ontology/RXNORM/349477	efavirenz 600 MG Oral Tablet	395518008	http://purl.bioontology.org/ontology/SNOMEDCT/395518008	Efavirenz 600 mg oral tablet
476556	http://purl.bioontology.org/ontology/RXNORM/476556	emtricitabine 200 MG / tenofovir disoproxil fumarate 300 MG Oral Tablet	1197411005	http://purl.bioontology.org/ontology/SNOMEDCT/1197411005	Emtricitabine 200 mg and tenofovir disoproxil (as tenofovir disoproxil fumarate) 245 mg oral tablet
1359269	http://purl.bioontology.org/ontology/RXNORM/1359269	darunavir 800 MG Oral Tablet	1137337006	http://purl.bioontology.org/ontology/SNOMEDCT/1137337006	Darunavir (as darunavir ethanolate) 800 mg oral tablet
1483744	http://purl.bioontology.org/ontology/RXNORM/1483744	naltrexone hydrochloride 50 MG Oral Tablet	323281004	http://purl.bioontology.org/ontology/SNOMEDCT/323281004	Naltrexone hydrochloride 50 mg oral tablet
856519	http://purl.bioontology.org/ontology/RXNORM/856519	propranolol hydrochloride 40 MG Oral Tablet	318353009	http://purl.bioontology.org/ontology/SNOMEDCT/318353009	Propranolol hydrochloride 40 mg oral tablet
744842	http://purl.bioontology.org/ontology/RXNORM/744842	raltegravir 400 MG Oral Tablet	1149431002	http://purl.bioontology.org/ontology/SNOMEDCT/1149431002	Raltegravir (as raltegravir potassium) 400 mg oral tablet
979464	http://purl.bioontology.org/ontology/RXNORM/979464	hydrochlorothiazide 12.5 MG / losartan potassium 100 MG Oral Tablet	444639002	http://purl.bioontology.org/ontology/SNOMEDCT/444639002	Hydrochlorothiazide 12.5 mg and losartan potassium 100 mg oral tablet
664741	http://purl.bioontology.org/ontology/RXNORM/664741	atazanavir 300 MG Oral Capsule	424264002	http://purl.bioontology.org/ontology/SNOMEDCT/424264002	Atazanavir (as atazanavir sulfate) 300 mg oral capsule
979494	http://purl.bioontology.org/ontology/RXNORM/979494	losartan potassium 50 MG Oral Tablet [Cozaar]	318956006	http://snomed.info/id/318956006	Losartan potassium 50 mg oral tablet
858813	http://purl.bioontology.org/ontology/RXNORM/858813	enalapril maleate 5 MG Oral Tablet	318851002	http://purl.bioontology.org/ontology/SNOMEDCT/318851002	Enalapril maleate 5 mg oral tablet
854905	http://purl.bioontology.org/ontology/RXNORM/854905	bisoprolol fumarate 5 MG Oral Tablet	318590006	http://purl.bioontology.org/ontology/SNOMEDCT/318590006	Bisoprolol fumarate 5 mg oral tablet
854916	http://purl.bioontology.org/ontology/RXNORM/854916	bisoprolol fumarate 2.5 MG / hydrochlorothiazide 6.25 MG Oral Tablet	1153515006	http://purl.bioontology.org/ontology/SNOMEDCT/1153515006	Bisoprolol fumarate 2.5 mg and hydrochlorothiazide 6.25 mg oral tablet
349199	http://purl.bioontology.org/ontology/RXNORM/349199	valsartan 80 MG Oral Tablet	375034009	http://purl.bioontology.org/ontology/SNOMEDCT/375034009	Valsartan 80 mg oral tablet
858810	http://purl.bioontology.org/ontology/RXNORM/858810	enalapril maleate 20 MG Oral Tablet	318855006	http://purl.bioontology.org/ontology/SNOMEDCT/318855006	Enalapril maleate 20 mg oral tablet
313760	http://purl.bioontology.org/ontology/RXNORM/313760	zalcitabine 0.75 MG Oral Tablet	324818001	http://purl.bioontology.org/ontology/SNOMEDCT/324818001	Zalcitabine 750 microgram oral tablet
313110	http://purl.bioontology.org/ontology/RXNORM/313110	stavudine 40 MG Oral Capsule	324837005	http://purl.bioontology.org/ontology/SNOMEDCT/324837005	Stavudine 40 mg oral capsule
284988	http://purl.bioontology.org/ontology/RXNORM/284988	didanosine 400 MG Delayed Release Oral Capsule	324811007	http://purl.bioontology.org/ontology/SNOMEDCT/324811007	Didanosine 400 mg gastro-resistant oral capsule
617320	http://purl.bioontology.org/ontology/RXNORM/617320	atorvastatin 40 MG Oral Tablet [Lipitor]	1145421000	http://snomed.info/id/1145421000	Atorvastatin (as atorvastatin calcium) 40 mg oral tablet
198189	http://purl.bioontology.org/ontology/RXNORM/198189	ramipril 5 MG Oral Capsule	318902004	http://purl.bioontology.org/ontology/SNOMEDCT/318902004	Ramipril 5 mg oral capsule
856569	http://purl.bioontology.org/ontology/RXNORM/856569	24 HR propranolol hydrochloride 80 MG Extended Release Oral Capsule	765970000	http://purl.bioontology.org/ontology/SNOMEDCT/765970000	Propranolol hydrochloride 80 mg prolonged-release oral capsule
672149	http://purl.bioontology.org/ontology/RXNORM/672149	lapatinib 250 MG Oral Tablet	783597007	http://purl.bioontology.org/ontology/SNOMEDCT/783597007	Lapatinib (as lapatinib ditosylate) 250 mg oral tablet
856556	http://purl.bioontology.org/ontology/RXNORM/856556	propranolol hydrochloride 60 MG Oral Tablet	374917009	http://purl.bioontology.org/ontology/SNOMEDCT/374917009	Propranolol hydrochloride 60 mg oral tablet
1657981	http://purl.bioontology.org/ontology/RXNORM/1657981	20 ML tocilizumab 20 MG/ML Injection	895440009	http://snomed.info/id/895440009	Tocilizumab 20 mg/mL solution for injection
197903	http://purl.bioontology.org/ontology/RXNORM/197903	lovastatin 10 MG Oral Tablet	376835002	http://purl.bioontology.org/ontology/SNOMEDCT/376835002	Lovastatin 10 mg oral tablet
898362	http://purl.bioontology.org/ontology/RXNORM/898362	benazepril hydrochloride 10 MG / hydrochlorothiazide 12.5 MG Oral Tablet	377227003	http://purl.bioontology.org/ontology/SNOMEDCT/377227003	Benazepril hydrochloride 10 mg and hydrochlorothiazide 12.5 mg oral tablet
898353	http://purl.bioontology.org/ontology/RXNORM/898353	amlodipine 5 MG / benazepril hydrochloride 10 MG Oral Capsule	1149520008	http://purl.bioontology.org/ontology/SNOMEDCT/1149520008	Amlodipine (as amlodipine besylate) 5 mg and benazepril hydrochloride 10 mg oral capsule
864706	http://purl.bioontology.org/ontology/RXNORM/864706	methadone hydrochloride 10 MG Oral Tablet	1157013009	http://purl.bioontology.org/ontology/SNOMEDCT/1157013009	Methadone hydrochloride 10 mg oral tablet
898367	http://purl.bioontology.org/ontology/RXNORM/898367	benazepril hydrochloride 20 MG / hydrochlorothiazide 12.5 MG Oral Tablet	395524002	http://purl.bioontology.org/ontology/SNOMEDCT/395524002	Benazepril hydrochloride 20 mg and hydrochlorothiazide 12.5 mg oral tablet
854901	http://purl.bioontology.org/ontology/RXNORM/854901	bisoprolol fumarate 10 MG Oral Tablet	318591005	http://purl.bioontology.org/ontology/SNOMEDCT/318591005	Bisoprolol fumarate 10 mg oral tablet
205326	http://purl.bioontology.org/ontology/RXNORM/205326	lisinopril 30 MG Oral Tablet	374040006	http://purl.bioontology.org/ontology/SNOMEDCT/374040006	Lisinopril 30 mg oral tablet
476350	http://purl.bioontology.org/ontology/RXNORM/476350	ezetimibe 10 MG / simvastatin 40 MG Oral Tablet	414178007	http://purl.bioontology.org/ontology/SNOMEDCT/414178007	Ezetimibe 10 mg and simvastatin 40 mg oral tablet
200346	http://purl.bioontology.org/ontology/RXNORM/200346	cefdinir 300 MG Oral Capsule	375987007	http://purl.bioontology.org/ontology/SNOMEDCT/375987007	Cefdinir 300 mg oral capsule
200082	http://purl.bioontology.org/ontology/RXNORM/200082	lamivudine 150 MG / zidovudine 300 MG Oral Tablet	324860002	http://purl.bioontology.org/ontology/SNOMEDCT/324860002	Lamivudine 150 mg and zidovudine 300 mg oral tablet
205304	http://purl.bioontology.org/ontology/RXNORM/205304	telmisartan 40 MG Oral Tablet	318986004	http://purl.bioontology.org/ontology/SNOMEDCT/318986004	Telmisartan 40 mg oral tablet
2284960	http://purl.bioontology.org/ontology/RXNORM/2284960	remdesivir 100 MG Injection	870522000	http://purl.bioontology.org/ontology/SNOMEDCT/870522000	Remdesivir 100 mg powder for solution for injection vial
617314	http://purl.bioontology.org/ontology/RXNORM/617314	atorvastatin 10 MG Oral Tablet [Lipitor]	1145419005	http://snomed.info/id/1145419005	Atorvastatin (as atorvastatin calcium) 10 mg oral tablet
1664986	http://purl.bioontology.org/ontology/RXNORM/1664986	aztreonam 2000 MG Injection	1236773006	http://purl.bioontology.org/ontology/SNOMEDCT/1236773006	Aztreonam 2 g powder for solution for infusion and/or injection vial
200285	http://purl.bioontology.org/ontology/RXNORM/200285	hydrochlorothiazide 12.5 MG / valsartan 160 MG Oral Tablet	395521005	http://purl.bioontology.org/ontology/SNOMEDCT/395521005	Hydrochlorothiazide 12.5 mg and valsartan 160 mg oral tablet
1658084	http://purl.bioontology.org/ontology/RXNORM/1658084	ado-trastuzumab emtansine 100 MG Injection	1209070003	http://purl.bioontology.org/ontology/SNOMEDCT/1209070003	Trastuzumab emtansine 100 mg powder for solution for infusion and/or injection vial
252559	http://purl.bioontology.org/ontology/RXNORM/252559	budesonide 0.5 MG/ML Inhalation Suspension	1255203009	http://purl.bioontology.org/ontology/SNOMEDCT/1255203009	Budesonide 500 microgram/mL suspension for nebulizer
859863	http://purl.bioontology.org/ontology/RXNORM/859863	saquinavir mesylate 500 MG Oral Tablet	783384009	http://purl.bioontology.org/ontology/SNOMEDCT/783384009	Saquinavir (as saquinavir mesylate) 500 mg oral tablet
312962	http://purl.bioontology.org/ontology/RXNORM/312962	simvastatin 5 MG Oral Tablet	376834003	http://purl.bioontology.org/ontology/SNOMEDCT/376834003	Simvastatin 5 mg oral tablet
751620	http://purl.bioontology.org/ontology/RXNORM/751620	nebivolol 2.5 MG Oral Tablet [Bystolic]	783360001	http://snomed.info/id/783360001	Nebivolol (as nebivolol hydrochloride) 2.5 mg oral tablet
213432	http://purl.bioontology.org/ontology/RXNORM/213432	telmisartan 80 MG Oral Tablet [Micardis]	318987008	http://snomed.info/id/318987008	Telmisartan 80 mg oral tablet
727711	http://purl.bioontology.org/ontology/RXNORM/727711	0.67 ML anakinra 149 MG/ML Prefilled Syringe	784845004	http://purl.bioontology.org/ontology/SNOMEDCT/784845004	Anakinra 149 mg/mL solution for injection
314203	http://purl.bioontology.org/ontology/RXNORM/314203	quinapril 40 MG Oral Tablet	318894007	http://purl.bioontology.org/ontology/SNOMEDCT/318894007	Quinapril (as quinapril hydrochloride) 40 mg oral tablet
310988	http://purl.bioontology.org/ontology/RXNORM/310988	indinavir 400 MG Oral Capsule	324852003	http://purl.bioontology.org/ontology/SNOMEDCT/324852003	Indinavir (as indinavir sulfate) 400 mg oral capsule
854908	http://purl.bioontology.org/ontology/RXNORM/854908	bisoprolol fumarate 10 MG / hydrochlorothiazide 6.25 MG Oral Tablet	783066003	http://purl.bioontology.org/ontology/SNOMEDCT/783066003	Bisoprolol fumarate 10 mg and hydrochlorothiazide 6.25 mg oral tablet
141962	http://purl.bioontology.org/ontology/RXNORM/141962	azithromycin 250 MG Oral Capsule	1193668004	http://purl.bioontology.org/ontology/SNOMEDCT/1193668004	Azithromycin 250 mg oral capsule
859426	http://purl.bioontology.org/ontology/RXNORM/859426	rosuvastatin calcium 5 MG Oral Tablet [Crestor]	409108001	http://snomed.info/id/409108001	Rosuvastatin (as rosuvastatin calcium) 5 mg oral tablet
312749	http://purl.bioontology.org/ontology/RXNORM/312749	quinapril 20 MG Oral Tablet	318887009	http://purl.bioontology.org/ontology/SNOMEDCT/318887009	Quinapril (as quinapril hydrochloride) 20 mg oral tablet
198334	http://purl.bioontology.org/ontology/RXNORM/198334	sulfamethoxazole 400 MG / trimethoprim 80 MG Oral Tablet	324357002	http://purl.bioontology.org/ontology/SNOMEDCT/324357002	Sulfamethoxazole 400 mg and trimethoprim 80 mg oral tablet
197558	http://purl.bioontology.org/ontology/RXNORM/197558	dapsone 25 MG Oral Tablet	370326007	http://purl.bioontology.org/ontology/SNOMEDCT/370326007	Dapsone 25 mg oral tablet
198182	http://purl.bioontology.org/ontology/RXNORM/198182	pyrimethamine 25 MG Oral Tablet	324913006	http://purl.bioontology.org/ontology/SNOMEDCT/324913006	Pyrimethamine 25 mg oral tablet
860510	http://purl.bioontology.org/ontology/RXNORM/860510	24 HR carvedilol phosphate 10 MG Extended Release Oral Capsule	1208574009	http://purl.bioontology.org/ontology/SNOMEDCT/1208574009	Carvedilol phosphate 10 mg prolonged-release oral capsule
312748	http://purl.bioontology.org/ontology/RXNORM/312748	quinapril 10 MG Oral Tablet	318886000	http://purl.bioontology.org/ontology/SNOMEDCT/318886000	Quinapril (as quinapril hydrochloride) 10 mg oral tablet
979092	http://purl.bioontology.org/ontology/RXNORM/979092	hydroxychloroquine sulfate 200 MG Oral Tablet	330037008	http://purl.bioontology.org/ontology/SNOMEDCT/330037008	Hydroxychloroquine sulfate 200 mg oral tablet
859753	http://purl.bioontology.org/ontology/RXNORM/859753	rosuvastatin calcium 20 MG Oral Tablet [Crestor]	408037007	http://snomed.info/id/408037007	Rosuvastatin (as rosuvastatin calcium) 20 mg oral tablet
1747691	http://purl.bioontology.org/ontology/RXNORM/1747691	emtricitabine 200 MG / tenofovir alafenamide 25 MG Oral Tablet	1304126009	http://purl.bioontology.org/ontology/SNOMEDCT/1304126009	Emtricitabine 200 mg and tenofovir alafenamide (as tenofovir alafenamide fumarate) 25 mg oral tablet
476351	http://purl.bioontology.org/ontology/RXNORM/476351	ezetimibe 10 MG / simvastatin 80 MG Oral Tablet	414179004	http://purl.bioontology.org/ontology/SNOMEDCT/414179004	Ezetimibe 10 mg and simvastatin 80 mg oral tablet
858804	http://purl.bioontology.org/ontology/RXNORM/858804	enalapril maleate 2.5 MG Oral Tablet	318850001	http://purl.bioontology.org/ontology/SNOMEDCT/318850001	Enalapril maleate 2.5 mg oral tablet
904477	http://purl.bioontology.org/ontology/RXNORM/904477	pravastatin sodium 40 MG Oral Tablet [Pravachol]	320014009	http://snomed.info/id/320014009	Pravastatin sodium 40 mg oral tablet
866516	http://purl.bioontology.org/ontology/RXNORM/866516	metoprolol tartrate 50 MG Oral Tablet [Lopressor]	318475005	http://snomed.info/id/318475005	Metoprolol tartrate 50 mg oral tablet
282755	http://purl.bioontology.org/ontology/RXNORM/282755	telmisartan 20 MG Oral Tablet	134463001	http://purl.bioontology.org/ontology/SNOMEDCT/134463001	Telmisartan 20 mg oral tablet
861654	http://purl.bioontology.org/ontology/RXNORM/861654	pitavastatin calcium 4 MG Oral Tablet [Livalo]	1303129005	http://snomed.info/id/1303129005	Pitavastatin (as pitavastatin calcium) 4 mg oral tablet
860516	http://purl.bioontology.org/ontology/RXNORM/860516	24 HR carvedilol phosphate 20 MG Extended Release Oral Capsule	1208575005	http://purl.bioontology.org/ontology/SNOMEDCT/1208575005	Carvedilol phosphate 20 mg prolonged-release oral capsule
898359	http://purl.bioontology.org/ontology/RXNORM/898359	amlodipine 5 MG / benazepril hydrochloride 40 MG Oral Capsule	1149511004	http://purl.bioontology.org/ontology/SNOMEDCT/1149511004	Amlodipine (as amlodipine besylate) 5 mg and benazepril hydrochloride 40 mg oral capsule
845488	http://purl.bioontology.org/ontology/RXNORM/845488	ramipril 1.25 MG Oral Capsule	318900007	http://purl.bioontology.org/ontology/SNOMEDCT/318900007	Ramipril 1.25 mg oral capsule
898350	http://purl.bioontology.org/ontology/RXNORM/898350	amlodipine 2.5 MG / benazepril hydrochloride 10 MG Oral Capsule	1149525003	http://purl.bioontology.org/ontology/SNOMEDCT/1149525003	Amlodipine (as amlodipine besylate) 2.5 mg and benazepril hydrochloride 10 mg oral capsule
199885	http://purl.bioontology.org/ontology/RXNORM/199885	levofloxacin 500 MG Oral Tablet	324634001	http://purl.bioontology.org/ontology/SNOMEDCT/324634001	Levofloxacin 500 mg oral tablet
352001	http://purl.bioontology.org/ontology/RXNORM/352001	valsartan 320 MG Oral Tablet [Diovan]	376487009	http://snomed.info/id/376487009	Valsartan 320 mg oral tablet
859421	http://purl.bioontology.org/ontology/RXNORM/859421	rosuvastatin calcium 40 MG Oral Tablet [Crestor]	408024009	http://snomed.info/id/408024009	Rosuvastatin (as rosuvastatin calcium) 40 mg oral tablet
1940648	http://purl.bioontology.org/ontology/RXNORM/1940648	neratinib 40 MG Oral Tablet	895585007	http://purl.bioontology.org/ontology/SNOMEDCT/895585007	Neratinib (as neratinib maleate) 40 mg oral tablet
1190766	http://purl.bioontology.org/ontology/RXNORM/1190766	atropine sulfate 0.31 MG/ML Ophthalmic Solution	785231005	http://purl.bioontology.org/ontology/SNOMEDCT/785231005	Atropine sulfate 310 microgram/mL eye solution
308429	http://purl.bioontology.org/ontology/RXNORM/308429	atovaquone 150 MG/ML Oral Suspension	376943008	http://purl.bioontology.org/ontology/SNOMEDCT/376943008	Atovaquone 150 mg/mL oral suspension
636042	http://purl.bioontology.org/ontology/RXNORM/636042	hydrochlorothiazide 12.5 MG / valsartan 320 MG Oral Tablet	421207006	http://purl.bioontology.org/ontology/SNOMEDCT/421207006	Hydrochlorothiazide 12.5 mg and valsartan 320 mg oral tablet
979487	http://purl.bioontology.org/ontology/RXNORM/979487	losartan potassium 25 MG Oral Tablet [Cozaar]	318955005	http://snomed.info/id/318955005	Losartan potassium 25 mg oral tablet
106892	http://purl.bioontology.org/ontology/RXNORM/106892	insulin isophane  human 70 UNT/ML / insulin  regular  human 30 UNT/ML Injectable Suspension [Humulin]	784510001	http://snomed.info/id/784510001	Human isophane insulin 70 unit/mL and recombinant human regular insulin 30 unit/mL solution for injection
1664463	http://purl.bioontology.org/ontology/RXNORM/1664463	24 HR tacrolimus 1 MG Extended Release Oral Tablet	1163327007	http://snomed.info/id/1163327007	Tacrolimus 1 mg prolonged-release oral tablet
1049625	http://purl.bioontology.org/ontology/RXNORM/1049625	Acetaminophen 325 MG / Oxycodone Hydrochloride 10 MG Oral Tablet [Percocet]	413391006	http://snomed.info/id/413391006	Acetaminophen 325 mg and oxycodone hydrochloride 10 mg oral tablet
1860491	http://purl.bioontology.org/ontology/RXNORM/1860491	12 HR Hydrocodone Bitartrate 10 MG Extended Release Oral Capsule	429392006	http://snomed.info/id/429392006	Hydrocodone bitartrate 10 mg and ibuprofen 200 mg oral tablet
895996	http://purl.bioontology.org/ontology/RXNORM/895996	120 ACTUAT fluticasone propionate 0.044 MG/ACTUAT Metered Dose Inhaler [Flovent]	766423004	http://snomed.info/id/766423004	Fluticasone propionate 50 microgram/actuation nasal spray
2001499	http://purl.bioontology.org/ontology/RXNORM/2001499	Vitamin B12 5 MG/ML Injectable Solution	781629003	http://snomed.info/id/781629003	Vitamin B12 and/or vitamin B12 derivative-containing product